<?xml version="1.0" encoding="UTF-8"?>
<beans xmlns="http://www.springframework.org/schema/beans"
	xmlns:xsi="http://www.w3.org/2001/XMLSchema-instance" xmlns:security="http://www.springframework.org/schema/security"
	xsi:schemaLocation="http://www.springframework.org/schema/security 
		http://www.springframework.org/schema/security/spring-security.xsd
		http://www.springframework.org/schema/beans 
		http://www.springframework.org/schema/beans/spring-beans.xsd">

	<bean id="customAccessDenied" class="org.used.security.CustomAccessDeniedHandler" />
	<bean id="customLoginSuccess" class="org.used.security.CustomLoginSuccessHandler" />
	<bean id="bcryptPasswordEncoder" class="org.springframework.security.crypto.bcrypt.BCryptPasswordEncoder" />
	<bean id="customUserDetailsService" class="org.used.service.CustomUserDetailsService" />


	<security:http>

		<security:intercept-url pattern="/auth/all"
			access="permitAll" />

		<security:intercept-url pattern="/auth/member"
			access="hasRole('ROLE_MEMBER')" />

		<security:intercept-url pattern="/auth/admin"
			access="hasRole('ROLE_ADMIN')" />

		<security:form-login login-page="/account/customLogin"
			authentication-success-handler-ref="customLoginSuccess" />

		<security:logout logout-url="/account/customLogout"
			invalidate-session="true" />

		<security:access-denied-handler ref="customAccessDenied" />

	</security:http>



	<security:authentication-manager>

		<security:authentication-provider
			user-service-ref="customUserDetailsService">

			<security:password-encoder ref="bcryptPasswordEncoder" />

		</security:authentication-provider>

	</security:authentication-manager>

</beans>
